"key","value"
"107131","FAIL"
"119233","PASS"
"123744","FAIL"
"127988","FAIL"
"133842","PASS"
"135692","PASS"
"140341","FAIL"
"142595","FAIL"
"151479","PASS"
"151632","PASS"
"152787","PASS"
"157691","PASS"
"158867","PASS"
"160211","PASS"
"161970","FAIL"
"162536","PASS"
"163331","PASS"
"164442","FAIL"
"164835","PASS"
"165734","PASS"
"165900","PASS"
"166469","PASS"
"167241","FAIL"
"167740","PASS"
"168151","FAIL"
"168331","PASS"
"168371","FAIL"
"168711","FAIL"
"169786","PASS"
"170721","FAIL"
"170734","FAIL"
"170754","PASS"
"170980","PASS"
"171894","PASS"
"171911","PASS"
"172047","FAIL"
"172128","PASS"
"172255","FAIL"
"172310","PASS"
"172706","PASS"
"173136","FAIL"
"173229","FAIL"
"174336","PASS"
"174360","PASS"
"175177","FAIL"
"175180","FAIL"
"175184","FAIL"
"175202","PASS"
"175293","PASS"
"175305","PASS"
"175544","FAIL"
"175589","FAIL"
"175663","PASS"
"175678","PASS"
"175758","PASS"
"175808","FAIL"
"175951","PASS"
"176002","PASS"
"176232","FAIL"
"176656","PASS"
"176865","FAIL"
"177447","PASS"
"177567","PASS"
"177770","PASS"
"177828","PASS"
"178161","FAIL"
"178472","FAIL"
"178593","FAIL"
"178607","PASS"
"178610","FAIL"
"179267","FAIL"
"179298","PASS"
"179413","FAIL"
"179452","FAIL"
"179551","PASS"
"179978","PASS"
"179993","PASS"
"180007","FAIL"
"180067","FAIL"
"180068","FAIL"
"180549","PASS"
"180602","PASS"
"180731","PASS"
"180819","PASS"
"180900","FAIL"
"180946","PASS"
"181041","PASS"
"181057","FAIL"
"181066","FAIL"
"181119","FAIL"
"181293","FAIL"
"181310","FAIL"
"181432","FAIL"
"181471","FAIL"
"181492","FAIL"
"181634","PASS"
"181636","FAIL"
"181673","FAIL"
"181698","FAIL"
"181725","FAIL"
"181752","PASS"
"181899","FAIL"
"181901","PASS"
"181932","FAIL"
"182001","PASS"
"182037","FAIL"
"182227","FAIL"
"182256","FAIL"
"182404","FAIL"
"182537","FAIL"
"182543","PASS"
"182613","PASS"
"182725","PASS"
"182741","FAIL"
"182742","PASS"
"183035","PASS"
"183278","PASS"
"183447","PASS"
"183467","PASS"
"183531","PASS"
"183700","FAIL"
"183721","FAIL"
"183825","PASS"
"184037","PASS"
"184091","FAIL"
"184234","PASS"
"184374","PASS"
"184490","PASS"
"184645","PASS"
"184807","PASS"
"184829","PASS"
"185195","FAIL"
"185408","FAIL"
"185425","PASS"
"185480","PASS"
"185606","PASS"
"185697","FAIL"
"185723","PASS"
"185821","FAIL"
"185825","PASS"
"185886","PASS"
"185953","FAIL"
"186008","FAIL"
"186106","PASS"
"186128","FAIL"
"186140","FAIL"
"186169","PASS"
"186246","FAIL"
"186263","FAIL"
"186307","PASS"
"186344","PASS"
"186360","FAIL"
"186383","FAIL"
"186397","PASS"
"186471","PASS"
"186474","FAIL"
"186485","FAIL"
"186523","FAIL"
"186546","FAIL"
"186550","PASS"
"186616","FAIL"
"186652","PASS"
"186794","FAIL"
"186802","FAIL"
"186872","PASS"
"186906","PASS"
"186991","FAIL"
"187079","FAIL"
"187099","FAIL"
"187137","PASS"
"187143","PASS"
"187211","PASS"
"187216","PASS"
"187219","FAIL"
"187220","FAIL"
"187223","FAIL"
"187229","FAIL"
"187243","FAIL"
"187261","PASS"
"187262","FAIL"
"187392","PASS"
"187517","FAIL"
"187535","PASS"
"187718","FAIL"
"187720","PASS"
"187734","PASS"
"187830","PASS"
"187842","PASS"
"187865","PASS"
"187920","FAIL"
"187924","PASS"
"187929","PASS"
"187936","PASS"
"187982","FAIL"
"188104","PASS"
"188149","FAIL"
"188153","PASS"
"188187","PASS"
"188195","FAIL"
"188218","FAIL"
"188220","FAIL"
"188221","FAIL"
"188238","PASS"
"188242","PASS"
"188262","PASS"
"188294","FAIL"
"188305","PASS"
"188316","PASS"
"188318","FAIL"
"188319","PASS"
"188321","FAIL"
"188337","FAIL"
"188338","FAIL"
"188340","PASS"
"188343","FAIL"
"188344","PASS"
"188349","PASS"
"188352","PASS"
"188353","FAIL"
"188365","FAIL"
"188370","PASS"
"188371","FAIL"
"188382","FAIL"
"188403","FAIL"
"188404","FAIL"
"188407","FAIL"
"188419","PASS"
"188421","FAIL"
"188429","PASS"
"188444","PASS"
"188467","FAIL"
"188472","PASS"
"188486","PASS"
"188508","FAIL"
"188515","FAIL"
"188533","PASS"
"188534","PASS"
"188544","FAIL"
"188547","PASS"
"188548","PASS"
"188550","PASS"
"188551","PASS"
"188552","FAIL"
"188553","PASS"
"188554","PASS"
"188556","FAIL"
"188557","PASS"
"188560","PASS"
"188626","FAIL"
"188632","FAIL"
"188633","FAIL"
"188662","FAIL"
"188684","PASS"
"188687","PASS"
"188792","PASS"
"188798","FAIL"
"188839","FAIL"
"188871","PASS"
"188899","PASS"
"188925","PASS"
"189044","PASS"
"189192","FAIL"
"189206","FAIL"
"189213","FAIL"
"189228","PASS"
"189250","PASS"
"189282","PASS"
"189441","PASS"
"189466","PASS"
"189510","PASS"
"189560","FAIL"
"189570","FAIL"
"189636","PASS"
"189685","PASS"
"189947","FAIL"
"189972","PASS"
"190076","FAIL"
"190119","PASS"
"190193","PASS"
"190750","FAIL"
"190820","PASS"
"190848","PASS"
"190962","FAIL"
"191056","PASS"
"191436","FAIL"
"191456","PASS"
"191815","FAIL"
"191819","FAIL"
"191859","FAIL"
"191875","PASS"
"192873","FAIL"
"192886","PASS"
"192924","FAIL"
"192943","PASS"
"193005","PASS"
"193054","FAIL"
"193063","FAIL"
"193072","PASS"
"193079","FAIL"
"193088","FAIL"
"193125","PASS"
"193133","FAIL"
"193359","FAIL"
"193362","FAIL"
"193479","FAIL"
"193647","PASS"
"193664","PASS"
"193671","FAIL"
"193678","FAIL"
"193683","PASS"
"193752","FAIL"
"193796","FAIL"
"193862","PASS"
"194476","PASS"
"194511","PASS"
"194530","FAIL"
"194666","FAIL"
"194685","FAIL"
"194706","FAIL"
"194718","PASS"
"194799","FAIL"
"194833","FAIL"
"194886","PASS"
"194984","PASS"
"195119","FAIL"
"195142","FAIL"
"195160","PASS"
"195190","PASS"
"195559","PASS"
"195568","FAIL"
"195573","PASS"
"195629","PASS"
"195666","FAIL"
"195708","PASS"
"195799","PASS"
"195870","PASS"
"196019","PASS"
"196166","PASS"
"196167","FAIL"
"196169","PASS"
"196345","PASS"
"196352","FAIL"
"196368","PASS"
"196382","FAIL"
"196440","FAIL"
"196659","PASS"
"196668","PASS"
"196734","PASS"
"196899","FAIL"
"196901","FAIL"
"196931","FAIL"
"197255","FAIL"
"197359","PASS"
"197434","PASS"
"197472","PASS"
"197572","PASS"
"197649","PASS"
"197791","PASS"
"197880","PASS"
"198120","PASS"
"198201","FAIL"
"198229","PASS"
"198245","PASS"
"198355","FAIL"
"198377","PASS"
"198469","PASS"
"198473","FAIL"
"198517","PASS"
"198621","FAIL"
"198634","PASS"
"198657","PASS"
"198748","PASS"
"198770","PASS"
"198788","FAIL"
"198842","PASS"
"198952","FAIL"
"198977","FAIL"
"198991","FAIL"
"198999","FAIL"
"199005","FAIL"
"199019","FAIL"
"199046","FAIL"
"199061","PASS"
"199063","FAIL"
"199086","PASS"
"199105","FAIL"
"199132","FAIL"
"199139","PASS"
"199175","FAIL"
"199192","FAIL"
"199197","FAIL"
"199245","PASS"
"199417","PASS"
"199448","FAIL"
"199700","FAIL"
"199701","PASS"
"199895","PASS"
"200715","PASS"
"200718","FAIL"
"200720","FAIL"
"200728","FAIL"
"200732","PASS"
"200740","FAIL"
"200766","PASS"
"200800","PASS"
"200818","FAIL"
"200821","PASS"
"200826","PASS"
"200829","FAIL"
"200843","FAIL"
"200849","PASS"
"200850","PASS"
"200864","FAIL"
"200867","FAIL"
"200872","FAIL"
"200885","PASS"
"200892","PASS"
"200906","PASS"
"200923","FAIL"
"200928","FAIL"
"200931","PASS"
"200935","FAIL"
"200938","PASS"
"201003","FAIL"
"201094","PASS"
"201106","FAIL"
"201292","PASS"
"201493","FAIL"
"201496","PASS"
"201498","PASS"
"201499","FAIL"
"201500","PASS"
"201509","PASS"
"201510","PASS"
"201511","PASS"
"201513","FAIL"
"201553","PASS"
"201586","PASS"
"201761","FAIL"
"201764","PASS"
"202411","PASS"
"202513","PASS"
"202519","FAIL"
"202916","PASS"
"202972","FAIL"
"203182","FAIL"
"203258","PASS"
"203309","PASS"
"203346","PASS"
"203355","PASS"
"203361","FAIL"
"203365","PASS"
"203371","FAIL"
"203382","PASS"
"203393","PASS"
"203398","FAIL"
"203408","PASS"
"203418","PASS"
"203618","PASS"
"203655","PASS"
"203713","FAIL"
"203716","FAIL"
"203727","FAIL"
"203758","PASS"
"203765","PASS"
"203857","FAIL"
"203871","FAIL"
"203911","FAIL"
"204029","FAIL"
"204740","FAIL"
"204857","FAIL"
"204879","PASS"
"204965","PASS"
"205232","FAIL"
"205249","PASS"
"205252","FAIL"
"205298","FAIL"
"205374","PASS"
"205711","FAIL"
"205721","PASS"
"205729","PASS"
"205740","PASS"
"205766","FAIL"
"205864","PASS"
"205874","FAIL"
"205887","FAIL"
"205948","FAIL"
"205952","PASS"
"205961","PASS"
"205967","FAIL"
"205975","FAIL"
"205999","PASS"
"206058","PASS"
"206095","PASS"
"206131","PASS"
"206161","FAIL"
"206222","PASS"
"206227","PASS"
"206241","FAIL"
"206438","PASS"
"207005","PASS"
"207126","PASS"
"207140","PASS"
"207156","PASS"
"207261","PASS"
"207272","PASS"
"207288","PASS"
"207331","PASS"
"207366","FAIL"
"207419","PASS"
"207442","PASS"
"207578","FAIL"
"207592","PASS"
"207602","FAIL"
"207673","PASS"
"207680","PASS"
"207690","PASS"
"207767","FAIL"
"207859","PASS"
"207885","PASS"
"207889","PASS"
"207906","FAIL"
"207944","FAIL"
"207972","PASS"
"208025","PASS"
"208071","FAIL"
"208078","PASS"
"208086","PASS"
"208174","FAIL"
"208320","FAIL"
"208331","PASS"
"208332","FAIL"
"208362","FAIL"
"208398","PASS"
"208399","PASS"
"208402","PASS"
"208428","FAIL"
"208438","FAIL"
"208461","FAIL"
"208475","FAIL"
"208497","PASS"
"208549","FAIL"
"208720","FAIL"
"208890","PASS"
"208907","PASS"
"209244","PASS"
"209246","FAIL"
"209258","FAIL"
"209274","PASS"
"209283","PASS"
"209289","PASS"
"209294","PASS"
"209307","PASS"
"209310","PASS"
"209319","FAIL"
"209320","PASS"
"209327","PASS"
"209349","FAIL"
"209353","PASS"
"209363","FAIL"
"209364","PASS"
"209369","PASS"
"209371","FAIL"
"209372","PASS"
"209377","PASS"
"209437","PASS"
"209439","FAIL"
"209497","FAIL"
"209533","PASS"
"209641","FAIL"
"209645","FAIL"
"209656","FAIL"
"209657","FAIL"
"209661","PASS"
"209665","PASS"
"209667","PASS"
"209668","FAIL"
"209670","FAIL"
"209671","FAIL"
"209676","FAIL"
"209689","PASS"
"209706","FAIL"
"209707","FAIL"
"209715","PASS"
"209726","FAIL"
"209728","FAIL"
"209729","PASS"
"209733","PASS"
"209740","PASS"
"209747","PASS"
"209750","PASS"
"209780","PASS"
"209860","PASS"
"209911","FAIL"
"209916","PASS"
"209919","FAIL"
"209921","PASS"
"209958","PASS"
"210037","FAIL"
"210087","FAIL"
"210090","FAIL"
"210139","FAIL"
"210201","PASS"
"210218","FAIL"
"210349","PASS"
"210419","PASS"
"210425","PASS"
"210534","PASS"
"210564","PASS"
"210572","FAIL"
"210707","FAIL"
"210712","FAIL"
"210740","FAIL"
"210745","PASS"
"210766","FAIL"
"210769","PASS"
"210796","PASS"
"210861","PASS"
"210884","PASS"
"210919","FAIL"
"210932","PASS"
"210946","FAIL"
"210956","PASS"
"210975","PASS"
"210976","FAIL"
"210985","FAIL"
"211006","PASS"
"211007","FAIL"
"211009","PASS"
"211027","FAIL"
"211084","PASS"
"211088","PASS"
"211125","PASS"
"211157","PASS"
"211158","PASS"
"211163","PASS"
"211164","PASS"
"211175","FAIL"
"211205","FAIL"
"211217","PASS"
"211226","PASS"
"211269","FAIL"
"211326","PASS"
"211335","FAIL"
"211350","FAIL"
"211372","PASS"
"211410","PASS"
"211434","PASS"
"211525","PASS"
"211587","FAIL"
"211599","PASS"
"211636","FAIL"
"211713","PASS"
"211731","PASS"
"211756","PASS"
"211814","FAIL"
"211869","PASS"
"211882","PASS"
"211913","FAIL"
"211925","FAIL"
"211926","FAIL"
"211939","PASS"
"211951","FAIL"
"211968","FAIL"
"211977","FAIL"
"211993","PASS"
"211994","FAIL"
"211996","PASS"
"212002","FAIL"
"212021","FAIL"
"212031","FAIL"
"212090","FAIL"
"212093","PASS"
"212121","PASS"
"212146","PASS"
"212161","PASS"
"212194","FAIL"
"212198","PASS"
"212203","PASS"
"212221","FAIL"
"212223","PASS"
"212226","PASS"
"212252","FAIL"
"212272","FAIL"
"212324","FAIL"
"212337","FAIL"
"212342","PASS"
"212351","FAIL"
"212377","FAIL"
"212381","FAIL"
"212393","PASS"
"212398","FAIL"
"212400","PASS"
"212409","PASS"
"212511","FAIL"
"212517","PASS"
"212529","FAIL"
"212598","PASS"
"212601","FAIL"
"212611","FAIL"
"212615","FAIL"
"212616","FAIL"
"212624","FAIL"
"212632","FAIL"
"212639","FAIL"
"212650","PASS"
"212654","FAIL"
"212660","FAIL"
"212979","PASS"
"212980","FAIL"
"212981","PASS"
"212982","PASS"
"213092","FAIL"
"213136","PASS"
"213174","PASS"
"213180","FAIL"
"213181","FAIL"
"213182","FAIL"
"213216","FAIL"
"213218","PASS"
"213228","FAIL"
"213231","PASS"
"213240","FAIL"
"213245","PASS"
"213254","PASS"
"213259","FAIL"
"213279","FAIL"
"213281","FAIL"
"213292","PASS"
"213298","PASS"
"213301","PASS"
"213316","FAIL"
"213317","PASS"
"213319","PASS"
"213323","PASS"
"213426","PASS"
"213428","PASS"
"213437","PASS"
"213675","FAIL"
"213680","FAIL"
"213685","PASS"
"213686","PASS"
"213694","PASS"
"213697","PASS"
"213886","PASS"
"213892","PASS"
"213910","FAIL"
"213913","FAIL"
"213925","PASS"
"213947","PASS"
"213952","FAIL"
"213961","PASS"
"214000","FAIL"
"214006","PASS"
"214009","FAIL"
"214016","FAIL"
"214027","FAIL"
"214045","FAIL"
"214063","FAIL"
"214076","FAIL"
"214084","FAIL"
"214103","FAIL"
"214166","PASS"
"214188","PASS"
"214195","PASS"
"214204","PASS"
"214212","PASS"
"214236","PASS"
"214440","PASS"
"214441","PASS"
"214442","FAIL"
"214443","PASS"
"214444","FAIL"
"214463","PASS"
"214466","FAIL"
"214500","FAIL"
"214524","PASS"
"214663","PASS"
"214805","PASS"
"214822","FAIL"
"214835","PASS"
"214852","FAIL"
"214866","PASS"
"214867","FAIL"
"214880","PASS"
"214895","PASS"
"214898","PASS"
"214910","PASS"
"214927","PASS"
"214929","FAIL"
"214946","FAIL"
"214973","FAIL"
"214978","FAIL"
"215098","PASS"
"215112","PASS"
"215171","FAIL"
"215199","FAIL"
"215213","PASS"
"215214","FAIL"
"215215","FAIL"
"215224","PASS"
"215239","FAIL"
"215329","PASS"
"215332","FAIL"
"215477","PASS"
"215478","PASS"
"215493","FAIL"
"215548","PASS"
"215554","PASS"
"215555","PASS"
"215556","FAIL"
"215558","PASS"
"215559","PASS"
"215586","FAIL"
"215603","PASS"
"215609","PASS"
"215769","FAIL"
"216010","PASS"
"216102","FAIL"
"216108","FAIL"
"216142","PASS"
"216179","PASS"
"216186","PASS"
"216187","PASS"
"216194","FAIL"
"216195","PASS"
"216219","PASS"
"216243","PASS"
"216244","PASS"
"216247","FAIL"
"216256","PASS"
"216260","PASS"
"216262","PASS"
"216335","PASS"
"216353","PASS"
"216544","PASS"
"216575","PASS"
"216620","PASS"
"216622","PASS"
"216660","PASS"
"216661","FAIL"
"216666","FAIL"
"216715","FAIL"
"216721","PASS"
"216726","PASS"
"216742","PASS"
"216743","PASS"
"216744","PASS"
"216745","PASS"
"216746","PASS"
"216812","PASS"
"216947","PASS"
"217039","PASS"
"217041","FAIL"
"217044","PASS"
"217053","FAIL"
"217102","PASS"
"217116","PASS"
"217128","FAIL"
"217131","PASS"
"217158","PASS"
"217165","PASS"
"217166","FAIL"
"217167","PASS"
"217168","FAIL"
"217172","PASS"
"217180","PASS"
"217182","PASS"
"217200","FAIL"
"217204","FAIL"
"217208","PASS"
"217210","PASS"
"217246","PASS"
"217249","PASS"
"217261","PASS"
"217299","PASS"
"217304","FAIL"
"217310","PASS"
"217318","PASS"
"217323","PASS"
"217324","PASS"
"217340","PASS"
"217350","PASS"
"217359","FAIL"
"217377","PASS"
"217378","PASS"
"217388","PASS"
"217390","PASS"
"217392","PASS"
"217399","FAIL"
"217416","PASS"
"217442","PASS"
"217444","PASS"
"217454","FAIL"
"217457","PASS"
"217503","FAIL"
"217505","PASS"
"217511","FAIL"
"217555","PASS"
"217569","PASS"
"217583","PASS"
"217596","PASS"
"217619","PASS"
"217652","FAIL"
"217670","FAIL"
"217692","PASS"
"217706","PASS"
"217712","PASS"
"217714","PASS"
"217718","PASS"
"217719","PASS"
"217730","PASS"
"217736","PASS"
"217742","FAIL"
"217752","PASS"
"217753","PASS"
"217766","PASS"
"217768","PASS"
"217800","PASS"
"217819","FAIL"
"217873","FAIL"
"217893","FAIL"
"217896","PASS"
"217898","FAIL"
"217899","PASS"
"217902","PASS"
"217910","PASS"
"217915","PASS"
"217917","PASS"
"217919","PASS"
"217924","PASS"
"217927","FAIL"
"217933","FAIL"
"217938","FAIL"
"218005","PASS"
"218116","PASS"
"218137","PASS"
"218140","PASS"
"218174","PASS"
"218222","FAIL"
"218245","PASS"
"218259","FAIL"
"218270","PASS"
"218276","PASS"
"218298","FAIL"
"218370","PASS"
"218417","PASS"
"218520","PASS"
"218534","PASS"
"218549","PASS"
"218561","FAIL"
"218569","PASS"
"218595","PASS"
"218732","PASS"
"218733","FAIL"
"218734","PASS"
"218748","PASS"
"218750","PASS"
"218758","FAIL"
"218765","PASS"
"218819","PASS"
"218824","PASS"
"218852","FAIL"
"218858","PASS"
"218868","PASS"
"219006","FAIL"
"219021","PASS"
"219024","FAIL"
"219393","PASS"
"219525","PASS"
"219620","PASS"
"219766","PASS"
"219809","PASS"
"219848","PASS"
"219867","FAIL"
"219868","PASS"
"219869","PASS"
"219870","PASS"
"219872","PASS"
"219875","PASS"
"219877","FAIL"
"219880","PASS"
"219881","FAIL"
"219899","PASS"
"219900","FAIL"
"219902","PASS"
"219913","PASS"
"219916","PASS"
"219920","FAIL"
"219923","PASS"
"219925","PASS"
"219941","PASS"
"219967","FAIL"
"220009","PASS"
"220010","FAIL"
"220038","PASS"
"220041","PASS"
"220044","FAIL"
"220047","PASS"
"220054","PASS"
"220055","PASS"
"220088","FAIL"
"220091","PASS"
"220106","PASS"
"220109","PASS"
"220113","PASS"
"220122","FAIL"
"220179","PASS"
"220190","PASS"
"220211","PASS"
"220212","PASS"
"220328","PASS"
"220568","FAIL"
"220585","PASS"
"220599","FAIL"
"220623","PASS"
"220659","FAIL"
"220664","FAIL"
"220671","FAIL"
"220695","FAIL"
"220722","FAIL"
"220760","FAIL"
"220811","FAIL"
"220825","PASS"
"220831","FAIL"
"220873","PASS"
"220916","PASS"
"220925","FAIL"
"221102","FAIL"
"221106","FAIL"
"221113","FAIL"
"221139","PASS"
"221141","PASS"
"221143","PASS"
"221170","FAIL"
"221175","FAIL"
"221180","FAIL"
"221196","PASS"
"221218","PASS"
"221226","PASS"
"221227","FAIL"
"221232","PASS"
"221243","FAIL"
"221277","FAIL"
"221290","FAIL"
"221315","PASS"
"221318","PASS"
"221346","PASS"
"221364","PASS"
"221374","PASS"
"221384","PASS"
"221390","PASS"
"221398","FAIL"
"221405","PASS"
"221407","PASS"
"221411","FAIL"
"221412","PASS"
"221421","FAIL"
"221454","PASS"
"221468","PASS"
"221477","PASS"
"221513","FAIL"
"221516","FAIL"
"221519","PASS"
"221535","FAIL"
"221541","FAIL"
"221547","PASS"
"221550","PASS"
"221597","FAIL"
"221604","PASS"
"221607","FAIL"
"221659","PASS"
"221661","FAIL"
"221664","FAIL"
"221683","FAIL"
"221693","PASS"
"221716","FAIL"
"221722","PASS"
"221724","PASS"
"221729","FAIL"
"221731","PASS"
"221745","PASS"
"221795","FAIL"
"221799","PASS"
"221803","PASS"
"221806","PASS"
"221808","PASS"
"221869","FAIL"
"221879","PASS"
"221916","FAIL"
"221932","PASS"
"221939","PASS"
"221957","FAIL"
"221958","FAIL"
"221960","FAIL"
"221963","FAIL"
"221968","FAIL"
"221984","FAIL"
"222009","PASS"
"222162","PASS"
"222167","PASS"
"222170","PASS"
"222228","FAIL"
"222257","PASS"
"222338","PASS"
"222381","FAIL"
"222398","PASS"
"222413","PASS"
"222467","PASS"
"222478","FAIL"
"222511","FAIL"
"222516","PASS"
"222527","PASS"
"222543","PASS"
"222545","PASS"
"222546","FAIL"
"222567","FAIL"
"222602","PASS"
"222647","FAIL"
"222668","FAIL"
"222767","FAIL"
"222817","PASS"
"222818","FAIL"
"222820","FAIL"
"222826","PASS"
"222832","PASS"
"222918","FAIL"
"222945","FAIL"
"222954","FAIL"
"222973","PASS"
"223133","PASS"
"223335","PASS"
"223346","PASS"
"223377","PASS"
"223388","PASS"
"223390","PASS"
"223414","FAIL"
"223415","PASS"
"223428","PASS"
"223474","PASS"
"223576","PASS"
"223628","PASS"
"223738","FAIL"
"223763","PASS"
"223931","FAIL"
"224027","FAIL"
"224044","PASS"
"224049","FAIL"
"224051","PASS"
"224061","FAIL"
"224064","FAIL"
"224081","PASS"
"224111","PASS"
"224157","PASS"
"224166","PASS"
"224215","PASS"
"224220","FAIL"
"224236","PASS"
"224254","PASS"
"224255","PASS"
"224256","PASS"
"224290","PASS"
"224323","FAIL"
"224324","PASS"
"224326","FAIL"
"224340","PASS"
"224341","PASS"
"224348","PASS"
"224358","FAIL"
"224382","PASS"
"224395","FAIL"
"224412","FAIL"
"224418","PASS"
"224475","FAIL"
"224480","FAIL"
"224490","PASS"
"224501","PASS"
"224510","PASS"
"224525","FAIL"
"224532","FAIL"
"224540","FAIL"
"224550","FAIL"
"224551","FAIL"
"224555","FAIL"
"224557","FAIL"
"224559","PASS"
"224565","FAIL"
"224575","FAIL"
"224584","PASS"
"224595","FAIL"
"224609","FAIL"
"224624","PASS"
"224632","PASS"
"224736","PASS"
"224737","FAIL"
"224740","PASS"
"224881","PASS"
"224889","FAIL"
"224901","PASS"
"224902","FAIL"
"224914","PASS"
"224921","PASS"
"225070","PASS"
"225071","PASS"
"225089","PASS"
"225090","PASS"
"225091","PASS"
"225092","PASS"
"225093","PASS"
"225101","PASS"
"225117","PASS"
"225118","PASS"
"225124","FAIL"
"225128","PASS"
"225132","PASS"
"225133","FAIL"
"225138","FAIL"
"225155","PASS"
"225159","PASS"
"225161","PASS"
"225163","FAIL"
"225165","FAIL"
"225168","PASS"
"225170","PASS"
"225171","FAIL"
"225178","PASS"
"225191","FAIL"
"225210","FAIL"
"225234","FAIL"
"225238","FAIL"
"225242","FAIL"
"225251","FAIL"
"225252","PASS"
"225279","FAIL"
"225287","PASS"
"225296","FAIL"
"225301","FAIL"
"225306","FAIL"
"225316","PASS"
"225317","FAIL"
"225318","FAIL"
"225324","FAIL"
"225325","FAIL"
"225328","FAIL"
"225330","FAIL"
"225331","PASS"
"225343","PASS"
"225345","PASS"
"225347","FAIL"
"225348","PASS"
"225349","PASS"
"225351","FAIL"
"225403","PASS"
"225407","FAIL"
"225430","FAIL"
"225440","PASS"
"225454","FAIL"
"225459","FAIL"
"225460","FAIL"
"225466","FAIL"
"225467","FAIL"
"225475","FAIL"
"225499","PASS"
"225519","FAIL"
"225521","PASS"
"225523","FAIL"
"225526","FAIL"
"225527","FAIL"
"225532","FAIL"
"225533","FAIL"
"225541","PASS"
"225545","PASS"
"225552","FAIL"
"225566","FAIL"
"225570","FAIL"
"225624","PASS"
"225633","PASS"
"225647","PASS"
"225677","FAIL"
"225683","PASS"
"225694","PASS"
"225695","PASS"
"225697","PASS"
"225698","PASS"
"225725","PASS"
"225736","PASS"
"225737","FAIL"
"225771","PASS"
"225832","PASS"
"225905","PASS"
"225917","PASS"
"225923","PASS"
"225924","PASS"
"225963","PASS"
"226000","PASS"
"226002","PASS"
"226003","FAIL"
"226016","PASS"
"226019","PASS"
"226050","PASS"
"226052","PASS"
"226056","FAIL"
"226058","PASS"
"226059","PASS"
"226067","FAIL"
"226076","FAIL"
"226083","FAIL"
"226104","PASS"
"226140","PASS"
"226159","FAIL"
"226170","FAIL"
"226192","PASS"
"226212","PASS"
"226219","PASS"
"226226","PASS"
"226230","PASS"
"226253","FAIL"
"226298","PASS"
"226302","PASS"
"226316","PASS"
"226341","PASS"
"226345","PASS"
"226370","PASS"
"226373","FAIL"
"226377","PASS"
"226380","FAIL"
"226392","FAIL"
"226400","PASS"
"226406","PASS"
"226410","FAIL"
"226432","FAIL"
"226436","PASS"
"226438","PASS"
"226439","FAIL"
"226440","PASS"
"226442","PASS"
"226447","PASS"
"226453","PASS"
"226455","PASS"
"226482","PASS"
"226492","PASS"
"226520","PASS"
"226526","PASS"
"226535","PASS"
"226538","PASS"
"226569","FAIL"
"226578","FAIL"
"226582","PASS"
"226594","PASS"
"226614","FAIL"
"226634","PASS"
"226635","PASS"
"226637","PASS"
"226638","PASS"
"226639","FAIL"
"226643","FAIL"
"226644","FAIL"
"226648","PASS"
"226650","PASS"
"226656","PASS"
"226669","PASS"
"226678","PASS"
"226682","PASS"
"226689","FAIL"
"226699","PASS"
"226833","FAIL"
"226842","PASS"
"226848","PASS"
"226849","PASS"
"226852","PASS"
"226853","PASS"
"226859","PASS"
"226912","FAIL"
"226997","PASS"
"226999","FAIL"
"227000","PASS"
"227010","PASS"
"227062","PASS"
"227117","PASS"
"227132","FAIL"
"227134","FAIL"
"227137","PASS"
"227140","PASS"
"227147","FAIL"
"227150","FAIL"
"227158","PASS"
"227165","FAIL"
"227171","PASS"
"227175","FAIL"
"227176","FAIL"
"227191","PASS"
"227192","FAIL"
"227193","PASS"
"227204","PASS"
"227209","PASS"
"227210","FAIL"
"227213","PASS"
"227225","PASS"
"227226","PASS"
"227228","PASS"
"227235","PASS"
"227239","PASS"
"227243","PASS"
"227244","PASS"
"227247","PASS"
"227248","PASS"
"227250","FAIL"
"227255","PASS"
"227269","FAIL"
"227277","PASS"
"227282","PASS"
"227285","FAIL"
"227291","FAIL"
"227296","FAIL"
"227298","FAIL"
"227303","PASS"
"227305","PASS"
"227375","PASS"
"227376","FAIL"
"227380","FAIL"
"227384","PASS"
"227388","FAIL"
"227434","PASS"
"227453","FAIL"
"227460","PASS"
"227465","PASS"
"227489","PASS"
"227494","PASS"
"227496","PASS"
"227499","PASS"
"227502","FAIL"
"227509","PASS"
"227510","PASS"
"227513","PASS"
"227568","PASS"
"227582","PASS"
"227583","PASS"
"227585","PASS"
"227587","PASS"
"227591","FAIL"
"227595","PASS"
"227672","FAIL"
"227768","PASS"
"227774","PASS"
"227775","FAIL"
"227804","PASS"
"227806","FAIL"
"227807","PASS"
"227821","PASS"
"227825","PASS"
"227884","PASS"
"227885","FAIL"
"227928","PASS"
"227931","PASS"
"227958","PASS"
"228012","PASS"
"228044","PASS"
"228052","PASS"
"228063","FAIL"
"228064","FAIL"
"228070","PASS"
"228074","PASS"
"228079","PASS"
"228080","FAIL"
"228096","PASS"
"228097","PASS"
"228105","PASS"
"228112","FAIL"
"228121","FAIL"
"228127","FAIL"
"228144","PASS"
"228148","PASS"
"228154","PASS"
"228180","PASS"
"228199","PASS"
"228205","PASS"
"228209","PASS"
"228222","PASS"
"228225","PASS"
"228246","PASS"
"228263","PASS"
"228297","PASS"
"228357","PASS"
"228366","FAIL"
"228374","PASS"
"228380","FAIL"
"228386","FAIL"
"228391","FAIL"
"228397","FAIL"
"228409","PASS"
"228411","PASS"
"228417","PASS"
"228418","PASS"
"228452","FAIL"
"228460","PASS"
"228461","FAIL"
"228463","PASS"
"228466","PASS"
"228483","PASS"
"228488","PASS"
"228489","FAIL"
"228516","FAIL"
"228531","PASS"
"228542","PASS"
"228556","PASS"
"228557","FAIL"
"228559","FAIL"
"228562","FAIL"
"228566","PASS"
"228593","FAIL"
"228621","PASS"
"228937","PASS"
"228944","FAIL"
"228945","FAIL"
"228961","FAIL"
"228979","PASS"
"229056","PASS"
"229068","PASS"
"229075","PASS"
"229083","PASS"
"229097","FAIL"
"229100","PASS"
"229116","PASS"
"229122","FAIL"
"229136","PASS"
"229248","FAIL"
"229272","FAIL"
"229349","PASS"
"229356","PASS"
"229362","FAIL"
"229829","PASS"
"229844","PASS"
"229845","PASS"
"229848","FAIL"
"229852","PASS"
"229867","FAIL"
"229883","FAIL"
"229890","PASS"
"229892","PASS"
"229896","PASS"
"229934","FAIL"
"229938","FAIL"
"229951","PASS"
"229966","FAIL"
"229972","PASS"
"230163","PASS"
"230174","PASS"
"230190","PASS"
"230194","PASS"
"230195","PASS"
"230197","FAIL"
"230198","FAIL"
"230199","PASS"
"230200","FAIL"
"230202","PASS"
"230205","FAIL"
"230208","FAIL"
"230211","PASS"
"230213","PASS"
"230215","PASS"
"230216","FAIL"
"230218","FAIL"
"230219","PASS"
"230220","PASS"
"230221","PASS"
"230222","FAIL"
"230223","PASS"
"230225","PASS"
"230227","FAIL"
"230230","PASS"
"230232","PASS"
"230233","PASS"
"230236","PASS"
"230237","PASS"
"230239","FAIL"
"230242","PASS"
"230244","PASS"
"230246","PASS"
"230248","FAIL"
"230249","PASS"
"230250","PASS"
"230251","PASS"
"230253","FAIL"
"230255","FAIL"
"230256","PASS"
"230257","FAIL"
"230258","FAIL"
"230260","FAIL"
"230262","FAIL"
"230264","PASS"
"230265","PASS"
"230272","PASS"
"230273","PASS"
"230274","PASS"
"230275","PASS"
"230276","PASS"
"230277","PASS"
"230278","FAIL"
"230281","PASS"
"230284","PASS"
"230285","PASS"
"230286","PASS"
"230289","FAIL"
"230292","FAIL"
"230297","FAIL"
"230298","PASS"
"230299","FAIL"
"230317","PASS"
"230322","FAIL"
"230323","FAIL"
"230324","PASS"
"230326","PASS"
"230327","PASS"
"230334","PASS"
"230337","FAIL"
"230342","PASS"
"230350","PASS"
"230351","FAIL"
"230356","FAIL"
"230357","FAIL"
"230358","PASS"
"230360","FAIL"
"230370","PASS"
"230372","PASS"
"230373","FAIL"
"230374","FAIL"
"230380","FAIL"
"230381","PASS"
"230382","FAIL"
"230384","PASS"
"230385","FAIL"
"230391","FAIL"
"230392","PASS"
"230395","PASS"
"230398","FAIL"
"230399","FAIL"
"230408","PASS"
"230412","FAIL"
"230413","PASS"
"230414","PASS"
"230420","PASS"
"230437","PASS"
"230466","PASS"
"230468","FAIL"
"230470","PASS"
"230473","FAIL"
"230474","PASS"
"230476","PASS"
"230478","PASS"
"230479","PASS"
"230480","PASS"
"230481","PASS"
"230482","PASS"
"230483","PASS"
"230490","PASS"
"230491","FAIL"
"230493","PASS"
"230494","FAIL"
"230497","PASS"
"230500","FAIL"
"230504","PASS"
"230505","FAIL"
"230508","PASS"
"230511","PASS"
"230513","FAIL"
"230514","FAIL"
"230518","FAIL"
"230521","FAIL"
"230523","PASS"
"230526","PASS"
"230531","PASS"
"230532","FAIL"
"230533","PASS"
"230534","PASS"
"230536","PASS"
"230540","PASS"
"230542","FAIL"
"230543","PASS"
"230548","FAIL"
"230553","PASS"
"230557","PASS"
"230563","PASS"
"230564","PASS"
"230565","PASS"
"230568","FAIL"
"230569","PASS"
"230570","PASS"
"230572","PASS"
"230578","PASS"
"230580","PASS"
"230581","PASS"
"230585","FAIL"
"230586","PASS"
"230587","PASS"
"230590","FAIL"
"230598","PASS"
"230611","PASS"
"230616","PASS"
"230620","FAIL"
"230628","PASS"
"230639","FAIL"
"230641","PASS"
"230643","PASS"
"230645","PASS"
"230650","FAIL"
"230652","PASS"
"230654","FAIL"
"230663","PASS"
"230667","PASS"
"230668","FAIL"
"230674","PASS"
"230691","FAIL"
"230704","PASS"
"230708","PASS"
"230710","FAIL"
"230711","PASS"
"230713","PASS"
"230729","PASS"
"230732","FAIL"
"230736","PASS"
"230737","PASS"
"230738","FAIL"
"230745","FAIL"
"230746","PASS"
"230750","PASS"
"230755","PASS"
"230760","PASS"
"230761","PASS"
"230764","PASS"
"230765","FAIL"
"230766","PASS"
"230774","PASS"
"230781","PASS"
"230790","PASS"
"230792","FAIL"
"230794","FAIL"
"230796","PASS"
"230797","PASS"
"230812","PASS"
"230816","PASS"
"230832","FAIL"
"230839","FAIL"
"230842","FAIL"
"230846","PASS"
"230854","PASS"
"230855","PASS"
"230872","PASS"
"230876","FAIL"
"230877","PASS"
"230878","FAIL"
"230881","FAIL"
"230882","PASS"
"230883","PASS"
"230884","FAIL"
"230890","PASS"
"230891","PASS"
"230892","PASS"
"230896","PASS"
"230906","PASS"
"230910","FAIL"
"230912","PASS"
"230919","FAIL"
"230921","FAIL"
"230922","PASS"
"230924","PASS"
"230925","PASS"
"230926","FAIL"
"230927","FAIL"
"230939","PASS"
"230948","FAIL"
"230949","FAIL"
"230954","FAIL"
"230957","PASS"
"230960","FAIL"
"230969","PASS"
"230970","PASS"
"230972","PASS"
"230981","FAIL"
"230987","PASS"
"230988","FAIL"
"230991","FAIL"
"230993","PASS"
"231005","PASS"
"231007","FAIL"
"231045","PASS"
"231046","PASS"
"231047","FAIL"
"231051","FAIL"
"231052","FAIL"
"231062","FAIL"
"231063","PASS"
"231064","FAIL"
"231065","PASS"
"231066","PASS"
"231072","PASS"
"231079","PASS"
"231081","PASS"
"231087","PASS"
"231088","FAIL"
"231091","PASS"
"231092","FAIL"
"231093","FAIL"
"231094","FAIL"
"231096","PASS"
"231102","FAIL"
"231103","PASS"
"231106","PASS"
"231107","FAIL"
"231108","FAIL"
"231109","FAIL"
"231110","PASS"
"231111","FAIL"
"231115","FAIL"
"231116","PASS"
"231123","PASS"
"231126","PASS"
"231128","FAIL"
"231132","PASS"
"231133","PASS"
"231134","PASS"
"231135","PASS"
"231182","PASS"
"231193","FAIL"
"231194","PASS"
"231195","PASS"
"231201","PASS"
"231202","FAIL"
"231205","PASS"
"231210","PASS"
"231211","PASS"
"231214","FAIL"
"231215","PASS"
"231219","PASS"
"231221","PASS"
"231224","FAIL"
"231225","PASS"
"231226","PASS"
"231227","PASS"
"231231","PASS"
"231233","PASS"
"231234","PASS"
"231236","FAIL"
"231237","FAIL"
"231238","FAIL"
"231239","FAIL"
"231241","FAIL"
"231244","FAIL"
"231248","PASS"
"231251","PASS"
"231260","FAIL"
"231263","PASS"
"231265","PASS"
"231267","PASS"
"231268","PASS"
"231269","PASS"
"231271","FAIL"
"231272","PASS"
"231274","PASS"
"231275","PASS"
"231279","FAIL"
"231288","FAIL"
"231289","PASS"
"231290","FAIL"
"231292","PASS"
"231295","FAIL"
"231296","FAIL"
"231297","FAIL"
"231298","FAIL"
"231300","FAIL"
"231301","FAIL"
"231303","FAIL"
"231309","PASS"
"231312","FAIL"
"231316","PASS"
"231317","FAIL"
"231320","FAIL"
"231322","PASS"
"231332","PASS"
"231337","PASS"
"231340","PASS"
"231343","FAIL"
"231347","PASS"
"231348","PASS"
"231351","PASS"
"231355","PASS"
"231358","PASS"
"231359","PASS"
"231360","PASS"
"231361","FAIL"
"231362","PASS"
"231365","FAIL"
"231366","FAIL"
"231368","FAIL"
"231371","PASS"
"231374","PASS"
"231375","PASS"
"231376","PASS"
"231396","PASS"
"231400","FAIL"
"231401","PASS"
"231406","PASS"
"231408","FAIL"
"231417","PASS"
"231421","PASS"
"231423","FAIL"
"231424","PASS"
"231428","PASS"
"231431","PASS"
"231434","PASS"
"231438","PASS"
"231444","FAIL"
"231446","PASS"
"231448","PASS"
"231450","FAIL"
"231452","PASS"
"231457","PASS"
"231463","FAIL"
"231464","FAIL"
"231468","PASS"
"231473","PASS"
"231474","FAIL"
"231475","FAIL"
"231476","FAIL"
"231477","PASS"
"231479","PASS"
"231480","FAIL"
"231481","PASS"
"231483","PASS"
"231484","PASS"
"231486","PASS"
"231487","PASS"
"231488","PASS"
"231489","FAIL"
"231491","PASS"
"231492","FAIL"
"231495","PASS"
"231502","FAIL"
"231503","PASS"
"231504","FAIL"
"231510","PASS"
"231513","PASS"
"231517","PASS"
"231518","PASS"
"231520","FAIL"
"231521","PASS"
"231522","PASS"
"231523","FAIL"
"231525","PASS"
"231527","PASS"
"231532","FAIL"
"231546","FAIL"
"231547","FAIL"
"231548","PASS"
"231552","FAIL"
"231558","PASS"
"231560","FAIL"
"231563","FAIL"
"231564","FAIL"
"231567","FAIL"
"231571","FAIL"
"231574","PASS"
"231576","FAIL"
"231578","FAIL"
"231579","PASS"
"231585","PASS"
"231587","PASS"
"231588","PASS"
"231595","FAIL"
"231596","PASS"
"231597","FAIL"
"231598","PASS"
"231599","PASS"
"231600","PASS"
"231601","PASS"
"231638","PASS"
"231639","PASS"
"231640","FAIL"
"231641","FAIL"
"231646","FAIL"
"231647","FAIL"
"231648","FAIL"
"231649","PASS"
"231650","PASS"
"231651","FAIL"
"231654","FAIL"
"231658","PASS"
"231668","FAIL"
"231669","PASS"
"231675","FAIL"
"231690","FAIL"
"231691","PASS"
"231694","FAIL"
"231695","FAIL"
"231696","FAIL"
"231698","FAIL"
"231700","FAIL"
"231703","PASS"
"231706","FAIL"
"231708","PASS"
"231715","FAIL"
"231716","PASS"
"231722","PASS"
"231727","FAIL"
"231730","PASS"
"231731","PASS"
"231732","PASS"
"231734","PASS"
"231735","PASS"
"231736","FAIL"
"231737","PASS"
"231739","FAIL"
"231743","FAIL"
"231748","PASS"
"231751","FAIL"
"231752","PASS"
"231758","FAIL"
"231764","FAIL"
"231768","FAIL"
"231769","PASS"
"231775","FAIL"
"231778","FAIL"
"231779","FAIL"
"231780","PASS"
"231787","PASS"
"231788","PASS"
"231792","FAIL"
"231796","FAIL"
"231797","PASS"
"231798","PASS"
"231807","PASS"
"231813","PASS"
"231818","PASS"
"231819","PASS"
"231822","FAIL"
"231832","PASS"
"231833","PASS"
"231836","PASS"
"231842","PASS"
"231848","PASS"
"231851","FAIL"
"231852","PASS"
"231858","PASS"
"231859","PASS"
"231860","PASS"
"231864","PASS"
"231867","FAIL"
"231871","PASS"
"231872","FAIL"
"231876","PASS"
"231881","PASS"
"231882","PASS"
"231883","PASS"
"231887","PASS"
"231890","PASS"
"231896","FAIL"
"231898","PASS"
"231905","PASS"
"231914","PASS"
"231935","FAIL"
"231944","PASS"
"231945","PASS"
"231946","PASS"
"231954","PASS"
"232011","PASS"
"232184","FAIL"
"232293","FAIL"
"232303","PASS"
"232304","PASS"
"232316","PASS"
"232326","FAIL"
"232330","PASS"
"232335","PASS"
"232336","FAIL"
"232339","FAIL"
"232343","PASS"
"232344","PASS"
"232347","PASS"
"232354","PASS"
"232368","FAIL"
"232369","PASS"
"232371","FAIL"
"232373","FAIL"
"232375","PASS"
"232378","FAIL"
"232381","PASS"
"232386","PASS"
"232388","PASS"
"232409","FAIL"
"232432","FAIL"
"232435","FAIL"
"232437","PASS"
"232438","PASS"
"232439","PASS"
"232445","PASS"
"232453","PASS"
"232456","PASS"
"232459","PASS"
"232470","FAIL"
"232475","FAIL"
"232482","PASS"
"232483","FAIL"
"232489","PASS"
"232492","PASS"
"232498","FAIL"
"232681","PASS"
"232716","FAIL"
"232739","PASS"
"232749","FAIL"
"232750","FAIL"
"232751","PASS"
"232752","PASS"
"232753","PASS"
"232754","PASS"
"232755","PASS"
"232756","PASS"
"232757","PASS"
"232758","FAIL"
"232759","PASS"
"232760","PASS"
"232761","PASS"
"232762","PASS"
"232763","FAIL"
"232764","PASS"
"232765","PASS"
"232766","PASS"
"232767","FAIL"
"232768","PASS"
"232769","PASS"
"232771","FAIL"
"232772","FAIL"
"232773","PASS"
"232774","PASS"
"232775","PASS"
"232776","FAIL"
"232777","PASS"
"232778","PASS"
"232779","PASS"
"232780","FAIL"
"232781","FAIL"
"232782","PASS"
"232783","FAIL"
"232784","PASS"
"232785","PASS"
"232789","PASS"
"232790","PASS"
"232791","FAIL"
"232792","PASS"
"232793","FAIL"
"232794","PASS"
"232795","PASS"
"232796","PASS"
"232797","PASS"
"232798","PASS"
"232799","PASS"
"232800","PASS"
"232801","PASS"
"232802","PASS"
"232804","PASS"
"232805","PASS"
"232806","PASS"
"232807","PASS"
"232808","PASS"
"232809","PASS"
"232810","PASS"
"232812","PASS"
"232814","PASS"
"232815","FAIL"
"232816","FAIL"
"232817","FAIL"
"232818","PASS"
"232819","PASS"
"232820","PASS"
"232821","PASS"
"232824","PASS"
"232825","PASS"
"232826","FAIL"
"232827","PASS"
"232828","PASS"
"232829","FAIL"
"232830","PASS"
"232832","FAIL"
"232833","PASS"
"232834","FAIL"
"232835","FAIL"
"232836","PASS"
"232837","PASS"
"232838","FAIL"
"232840","PASS"
"232841","FAIL"
"232842","PASS"
"232843","FAIL"
"232844","PASS"
"232846","PASS"
"232847","PASS"
"232848","FAIL"
"232849","FAIL"
"232850","FAIL"
"232851","PASS"
"232852","FAIL"
"232853","PASS"
"232854","FAIL"
"232862","PASS"
"232866","PASS"
"232867","PASS"
"232868","FAIL"
"232870","FAIL"
"232871","FAIL"
"232872","FAIL"
"232873","PASS"
"232874","FAIL"
"232875","FAIL"
"232876","FAIL"
"232878","FAIL"
"232879","FAIL"
"232880","PASS"
"232881","FAIL"
"232882","FAIL"
"232883","FAIL"
"232884","FAIL"
"232885","FAIL"
"232886","FAIL"
"232887","FAIL"
"232888","FAIL"
"232889","FAIL"
"232890","PASS"
"232896","FAIL"
"232897","FAIL"
"232898","FAIL"
"232899","FAIL"
"232900","FAIL"
"232901","PASS"
"232902","FAIL"
"232903","FAIL"
"232904","FAIL"
"232905","FAIL"
"232906","FAIL"
"232907","FAIL"
"232925","FAIL"
"232926","FAIL"
"232927","FAIL"
"232928","FAIL"
"232929","FAIL"
"232930","FAIL"
"232931","FAIL"
"232932","FAIL"
"232933","FAIL"
"232934","FAIL"
"232935","FAIL"
"232936","FAIL"
"232937","FAIL"
"232938","FAIL"
"232939","FAIL"
"232940","FAIL"
"232941","FAIL"
"232942","FAIL"
"232943","FAIL"
"232945","FAIL"
"232946","FAIL"
"232948","PASS"
"232949","FAIL"
"232950","FAIL"
"232951","PASS"
"232952","PASS"
"232953","FAIL"
"232954","PASS"
"232955","PASS"
"232956","FAIL"
"232957","PASS"
"232958","PASS"
"232959","FAIL"
"232960","PASS"
"232961","FAIL"
"232962","FAIL"
"232963","FAIL"
"232965","FAIL"
"232968","PASS"
"232969","FAIL"
"232970","PASS"
"232971","PASS"
"232972","PASS"
"232974","PASS"
"232975","FAIL"
"232976","FAIL"
"232977","FAIL"
"232978","PASS"
"232979","PASS"
"232980","PASS"
"232981","PASS"
"232982","PASS"
"232984","PASS"
"232985","PASS"
"232986","FAIL"
"232987","PASS"
"232989","FAIL"
"232990","FAIL"
"232991","FAIL"
"232992","PASS"
"232993","FAIL"
"232994","PASS"
"232995","PASS"
"232996","FAIL"
"232997","FAIL"
"232998","FAIL"
"232999","FAIL"
"233000","FAIL"
"233001","FAIL"
"233002","PASS"
"233003","PASS"
"233005","PASS"
"233006","FAIL"
"233008","FAIL"
"233009","FAIL"
"233010","FAIL"
"233011","PASS"
"233013","FAIL"
"233014","PASS"
"233015","FAIL"
"233016","FAIL"
"233017","PASS"
"233018","FAIL"
"233019","FAIL"
"233020","FAIL"
"233021","FAIL"
"233022","PASS"
"233024","PASS"
"233025","FAIL"
"233026","FAIL"
"233027","FAIL"
"233028","PASS"
"233029","FAIL"
"233030","PASS"
"233031","FAIL"
"233033","PASS"
"233034","FAIL"
"233035","PASS"
"233036","PASS"
"233037","FAIL"
"233038","PASS"
"233040","PASS"
"233042","PASS"
"233043","FAIL"
"233044","PASS"
"233045","FAIL"
"233046","PASS"
"233047","FAIL"
"233048","FAIL"
"233049","FAIL"
"233050","FAIL"
"233051","FAIL"
"233052","PASS"
"233053","FAIL"
"233054","PASS"
"233055","PASS"
"233056","PASS"
"233057","PASS"
"233058","FAIL"
"233059","FAIL"
"233060","FAIL"
"233061","FAIL"
"233062","FAIL"
"233063","PASS"
"233065","PASS"
"233068","FAIL"
"233069","PASS"
"233070","PASS"
"233071","FAIL"
"233072","PASS"
"233073","FAIL"
"233074","PASS"
"233075","FAIL"
"233076","PASS"
"233077","FAIL"
"233078","FAIL"
"233079","FAIL"
"233080","PASS"
"233081","PASS"
"233082","PASS"
"233083","FAIL"
"233084","PASS"
"233085","PASS"
"233086","PASS"
"233087","FAIL"
"233088","FAIL"
"233089","FAIL"
"233090","FAIL"
"233091","FAIL"
"233092","FAIL"
"233093","PASS"
"233094","PASS"
"233095","PASS"
"233096","FAIL"
"233097","PASS"
"233098","FAIL"
"233099","PASS"
"233100","PASS"
"233101","PASS"
"233102","PASS"
"233103","FAIL"
"233105","FAIL"
"233106","FAIL"
"233107","PASS"
"233108","FAIL"
"233109","FAIL"
"233110","PASS"
"233111","FAIL"
"233112","FAIL"
"233113","PASS"
"233114","FAIL"
"233115","PASS"
"233116","PASS"
"233117","FAIL"
"233119","FAIL"
"233121","PASS"
"233122","FAIL"
"233123","PASS"
"233124","FAIL"
"233125","FAIL"
"233126","PASS"
"233127","PASS"
"233128","FAIL"
"233129","PASS"
"233130","PASS"
"233131","PASS"
"233132","FAIL"
